cancer,49
advocate,37
life,31
survivor,29
health,27
co,26
living,25
love,23
disease,22
chronic,21
patient,21
blogger,17
mental,17
autism,16
wife,16
breast,16
mother,15
writer,15
warrior,15
mum,15
fibromyalgia,14
year,14
spoonie,14
mom,13
illness,13
author,12
brain,12
diabetes,12
ptsd,12
view,12
cfs,11
help,11
pain,10
woman,10
child,10
book,10
awareness,9
disorder,9
activist,9
lover,9
girl,9
son,8
man,8
bipolar,8
disability,8
husband,8
research,8
crohn,8
friend,8
migraine,8
lung,8
proud,8
type,8
dementia,8
bpd,8
member,8
founder,8
lupus,8
time,7
anxiety,7
depression,7
treatment,7
mnd,7
yrs,7
fibro,7
day,7
lyme,7
others,7
adhd,7
artist,7
teacher,6
nhs,6
like,6
caregiver,6
music,6
kid,6
stuff,6
myalgic,6
encephalomyelitis,6
ocd,6
feminist,6
art,6
passionate,6
fan,6
thing,6
yr,6
sad,6
hope,6
work,5
business,5
fibrosis,5
end,5
eds,5
pot,5
advocacy,5
sufferer,5
blog,5
please,5
speaker,5
ill,5
