dr,39
md,35
phd,9
david,7
rn,7
john,5
mark,4
rd,4
ann,4
stephani,3
karen,3
robert,3
amanda,3
lisa,3
rachel,3
gari,3
evan,3
joe,3
carri,3
kate,2
maria,2
paul,2
susan,2
joann,2
clair,2
jone,2
mile,2
mph,2
sergio,2
lori,2
jennif,2
daniel,2
helen,2
angela,2
fbpe,2
jr,2
diaz,2
ana,2
harri,2
kerri,2
coker,2
tim,2
franc,2
neil,2
nanci,2
linda,2
prof,2
rafael,2
clark,2
jackson,2
anderson,2
bergerot,2
louis,2
simon,2
deborah,2
francesca,2
amy,2
anthoni,2
mar,2
sharon,2
elizabeth,2
mitchel,2
health,2
olga,2
andrew,2
de,2
ward,2
dog,2
richard,2
laurenc,1
solberg,1
sue,1
queenborough,1
yassin,1
el,1
abiad,1
allatt,1
sadak,1
bcsurgerystori,1
lozza,1
leigh,1
frame,1
jenni,1
ray,1
mattia,1
andriotto,1
jernigan,1
stef,1
elain,1
hunter,1
guerin,1
adriana,1
robayo,1
jack,1
west,1
trevatt,1
catherin,1
carrigan,1
maureen,1
sullivan,1
