health,9
care,8
center,7
medicine,4
centre,4
hospital,4
com,4
medical,4
dermatology,3
md,3
woman,3
solution,3
cancer,3
healthcare,3
academy,3
clinic,3
uk,3
limited,2
radiology,2
global,2
ms,2
adult,2
education,2
therapy,2
coach,2
home,2
skin,2
law,2
vumedi,2
la,2
fix,2
neurology,2
child,2
educational,2
special,2
surgery,2
national,2
medscape,2
foundation,2
sleep,2
ed,2
fertility,2
southern,1
parijat,1
deshpande,1
barbara,1
rutt,1
fairfield,1
micrima,1
alexafleckenstein,1
imedpub,1
psych,1
byte,1
rowing,1
europe,1
celgene,1
corporation,1
penn,1
clear,1
autism,1
denvertechderm,1
infection,1
control,1
raynaud,1
disease,1
free,1
mind,1
omni,1
vanprob,1
business,1
memorial,1
sloan,1
kettering,1
eva,1
martin,1
fund,1
merlin,1
steve,1
wilson,1
susan,1
landeis,1
pediatric,1
psoriasis,1
treatment,1
adw,1
diabetes,1
hartford,1
cme,1
lifescanpro,1
body,1
intelligence,1
mayoclinichealthsys,1
situla,1
ella,1
stewart,1
aegis,1
living,1
tropical,1
ox,1
trm,1
oncology,1
digestive,1
nutrition,1
eileen,1
pelletier,1
northstar,1
aed,1
cde,1
spermcheck,1
celiac,1
scene,1
scanning,1
pen,1
exact,1
pharma,1
mood,1
card,1
servier,1
step,1
rehabilitation,1
ascend,1
fitness,1
cedar,1
sinai,1
doctor,1
border,1
monsterfunder,1
curaleaf,1
new,1
york,1
sleeplikeababy,1
fresh,1
jeremy,1
rosenblatt,1
bioplus,1
pharmacy,1
esteem,1
consultancy,1
pi,1
stephenson,1
kazan,1
lomaluxlaboratories,1
arise,1
infusion,1
hypnotherapy,1
cardiff,1
hemonc,1
karen,1
skipper,1
tal,1
givoly,1
commerce,1
cannabis,1
consulting,1
biostuds,1
ortho,1
journal,1
eating,1
disorder,1
lundbeck,1
vcu,1
vrinda,1
pendred,1
kidcompanions,1
hearing,1
review,1
quanterix,1
roperfree,1
wardington,1
house,1
boerne,1
family,1
wheelhealthcare,1
canadianpharmacyking,1
perrin,1
technique,1
kidney,1
stone,1
hhlgroup,1
one,1
drop,1
full,1
spectrum,1
crown,1
valley,1
imaging,1
maroone,1
ccf,1
drugdu,1
archerdx,1
inc,1
access,1
shedfield,1
lodge,1
ivan,1
gaidarov,1
dementiacareproducts,1
diabiant,1
winchester,1
water,1
