certified,15
eating,14
working,12
med,9
improve,6
helping,5
harvardmed,5
healing,4
dedicated,4
retired,4
imaging,3
following,3
expressed,3
based,3
wellbeing,3
learning,3
registered,3
teaching,2
researching,2
make,2
keep,2
coaching,2
started,2
personalized,2
fascinated,2
tweeting,2
recovering,2
aiming,2
striving,2
centered,2
known,2
amazing,2
oriented,2
go,2
supporting,2
including,2
discovering,2
practicing,2
licensed,2
emerging,2
winning,2
loving,2
ded,2
hiking,2
rowing,2
trained,2
improving,2
caring,1
deserving,1
get,1
locked,1
used,1
specializing,1
connecting,1
mentoring,1
educating,1
transforming,1
testing,1
consulting,1
mghimaging,1
needed,1
dealing,1
mmed,1
chasing,1
remarried,1
counseling,1
counselling,1
qualified,1
treating,1
formed,1
conceived,1
exciting,1
writing,1
aging,1
dying,1
ordinating,1
managing,1
covered,1
armed,1
motivationalinterviewing,1
believing,1
prescribing,1
preventing,1
sportsmed,1
surfing,1
caregiving,1
walking,1
grappling,1
replaced,1
pumping,1
northwesternmed,1
nurturing,1
provides,1
find,1
enhancing,1
saving,1
thinking,1
championing,1
obsessed,1
hacking,1
