health,73
care,65
co,46
service,35
patient,22
healthcare,22
home,21
quality,20
treatment,17
world,16
life,15
provider,15
hospital,14
education,13
help,13
product,13
living,13
diabetes,12
solution,12
dementia,12
cancer,11
people,11
child,11
provide,11
community,11
information,10
research,10
online,10
disorder,10
skin,9
woman,9
professional,9
disease,9
center,9
therapy,9
hair,9
adult,9
news,9
one,8
mental,8
individual,8
offer,8
support,7
uk,7
book,7
practice,7
technology,7
official,7
fertility,7
brain,7
supply,6
specialist,6
group,6
company,6
training,6
area,6
account,6
team,6
leader,6
centre,6
range,6
comprehensive,6
condition,6
non,6
pharmaceutical,6
state,6
physician,6
surgery,5
pregnancy,5
supplier,5
nursing,5
advice,5
autism,5
control,5
anxiety,5
medicine,5
md,5
aid,5
test,5
knowledge,5
need,5
facility,5
call,5
industry,5
passionate,5
epilepsy,5
family,5
member,5
resource,4
management,4
aim,4
worldwide,4
review,4
standard,4
hour,4
com,4
age,4
canada,4
pharma,4
fitness,4
